{
    "images": [
        {
            "height": 224,
            "width": 224,
            "id": 0,
            "file_name": "1.jpg"
        },
        {
            "height": 224,
            "width": 224,
            "id": 1,
            "file_name": "1.jpg"
        },
        {
            "height": 224,
            "width": 224,
            "id": 2,
            "file_name": "11.jpg"
        },
        {
            "height": 224,
            "width": 224,
            "id": 3,
            "file_name": "2.jpg"
        },
        {
            "height": 224,
            "width": 224,
            "id": 4,
            "file_name": "3.jpg"
        },
        {
            "height": 224,
            "width": 224,
            "id": 5,
            "file_name": "4.jpg"
        },
        {
            "height": 224,
            "width": 224,
            "id": 6,
            "file_name": "5.jpg"
        },
        {
            "height": 224,
            "width": 224,
            "id": 7,
            "file_name": "6.jpg"
        },
        {
            "height": 224,
            "width": 224,
            "id": 8,
            "file_name": "7.jpg"
        },
        {
            "height": 224,
            "width": 224,
            "id": 9,
            "file_name": "8.jpg"
        },
        {
            "height": 224,
            "width": 224,
            "id": 10,
            "file_name": "9.jpg"
        }
    ],
    "categories": [
        {
            "supercategory": "Cutlery",
            "id": 0,
            "name": "Cutlery"
        },
        {
            "supercategory": "Glass",
            "id": 1,
            "name": "Glass"
        },
        {
            "supercategory": "Gripper",
            "id": 2,
            "name": "Gripper"
        },
        {
            "supercategory": "Plate",
            "id": 3,
            "name": "Plate"
        }
    ],
    "annotations": [
        {
            "segmentation": [
                [
                    163.2978723404255,
                    125.53191489361701,
                    190.2482269503546,
                    127.6595744680851,
                    185.99290780141843,
                    190.07092198581557,
                    165.66193853427893,
                    187.23404255319147
                ]
            ],
            "iscrowd": 0,
            "area": 1469.4096541086183,
            "image_id": 0,
            "bbox": [
                163.0,
                125.0,
                27.0,
                65.0
            ],
            "category_id": 1,
            "id": 1
        },
        {
            "segmentation": [
                [
                    110.10638297872339,
                    147.99054373522458,
                    132.56501182033094,
                    147.99054373522458,
                    153.8416075650118,
                    150.82742316784868,
                    153.8416075650118,
                    170.44917257683213,
                    146.27659574468083,
                    180.85106382978722,
                    144.85815602836877,
                    185.57919621749406,
                    117.9078014184397,
                    184.39716312056737,
                    116.25295508274229,
                    178.9598108747045,
                    110.57919621749406,
                    175.177304964539
                ]
            ],
            "iscrowd": 0,
            "area": 1453.2859402332833,
            "image_id": 0,
            "bbox": [
                110.0,
                147.0,
                43.0,
                38.0
            ],
            "category_id": 3,
            "id": 2
        },
        {
            "segmentation": [
                [
                    72.99054373522458,
                    169.50354609929076,
                    68.02600472813236,
                    177.77777777777777,
                    55.96926713947988,
                    183.92434988179667,
                    45.330969267139466,
                    180.14184397163118,
                    13.888888888888886,
                    181.56028368794324,
                    14.598108747044904,
                    177.77777777777777,
                    55.96926713947988,
                    177.54137115839242
                ]
            ],
            "iscrowd": 0,
            "area": 234.39464815653264,
            "image_id": 0,
            "bbox": [
                13.0,
                169.0,
                59.0,
                14.0
            ],
            "category_id": 0,
            "id": 3
        },
        {
            "segmentation": [
                [
                    120.27186761229314,
                    68.5579196217494,
                    116.72576832151299,
                    113.94799054373522,
                    112.70685579196217,
                    113.94799054373522,
                    111.2884160756501,
                    109.92907801418438,
                    107.26950354609926,
                    109.92907801418438,
                    106.08747044917257,
                    96.2174940898345,
                    93.55791962174939,
                    108.74704491725767,
                    99.94089834515364,
                    61.93853427895981
                ]
            ],
            "iscrowd": 0,
            "area": 916.7043911272049,
            "image_id": 0,
            "bbox": [
                93.0,
                61.0,
                27.0,
                52.0
            ],
            "category_id": 2,
            "id": 4
        },
        {
            "segmentation": [
                [
                    112.94326241134749,
                    148.46335697399525,
                    127.12765957446805,
                    146.5721040189125,
                    146.04018912529548,
                    147.75413711583923,
                    153.8416075650118,
                    152.7186761229314,
                    152.89598108747043,
                    170.92198581560282,
                    145.80378250591014,
                    180.14184397163118,
                    144.62174940898342,
                    187.23404255319147,
                    119.56264775413709,
                    186.05200945626476,
                    111.99763593380612,
                    178.72340425531914,
                    107.50591016548461,
                    160.2836879432624,
                    107.50591016548461,
                    154.13711583924348
                ]
            ],
            "iscrowd": 0,
            "area": 1562.882484113812,
            "image_id": 1,
            "bbox": [
                107.0,
                146.0,
                46.0,
                41.0
            ],
            "category_id": 3,
            "id": 5
        },
        {
            "segmentation": [
                [
                    163.06146572104018,
                    125.76832151300235,
                    190.01182033096921,
                    127.6595744680851,
                    188.8297872340425,
                    150.11820330969266,
                    186.70212765957444,
                    188.65248226950354,
                    167.31678486997635,
                    187.9432624113475
                ]
            ],
            "iscrowd": 0,
            "area": 1427.2700344829645,
            "image_id": 1,
            "bbox": [
                163.0,
                125.0,
                27.0,
                63.0
            ],
            "category_id": 1,
            "id": 6
        },
        {
            "segmentation": [
                [
                    121.92671394799052,
                    69.97635933806146,
                    117.9078014184397,
                    85.1063829787234,
                    117.67139479905435,
                    113.47517730496453,
                    110.34278959810874,
                    112.7659574468085,
                    106.32387706855789,
                    96.2174940898345,
                    94.03073286052009,
                    110.63829787234042,
                    90.24822695035459,
                    106.61938534278958,
                    100.65011820330969,
                    63.59338061465721
                ]
            ],
            "iscrowd": 0,
            "area": 960.1853249054111,
            "image_id": 1,
            "bbox": [
                90.0,
                63.0,
                31.0,
                50.0
            ],
            "category_id": 2,
            "id": 7
        },
        {
            "segmentation": [
                [
                    71.80851063829786,
                    169.7399527186761,
                    70.15366430260045,
                    176.83215130023638,
                    59.27895981087468,
                    183.21513002364065,
                    48.640661938534265,
                    181.08747044917257,
                    15.543735224586285,
                    181.7966903073286,
                    16.725768321512987,
                    177.54137115839242,
                    55.023640661938515,
                    177.77777777777777
                ]
            ],
            "iscrowd": 0,
            "area": 254.54230448948874,
            "image_id": 1,
            "bbox": [
                15.0,
                169.0,
                56.0,
                14.0
            ],
            "category_id": 0,
            "id": 8
        },
        {
            "segmentation": [
                [
                    76.30023640661938,
                    161.70212765957444,
                    75.35460992907801,
                    167.37588652482268,
                    66.60756501182033,
                    175.6501182033097,
                    55.73286052009456,
                    174.46808510638297,
                    18.144208037825052,
                    183.68794326241132,
                    15.78014184397162,
                    178.4869976359338,
                    62.82505910165483,
                    169.0307328605201
                ]
            ],
            "iscrowd": 0,
            "area": 316.13097932699384,
            "image_id": 2,
            "bbox": [
                15.0,
                161.0,
                61.0,
                22.0
            ],
            "category_id": 0,
            "id": 9
        },
        {
            "segmentation": [
                [
                    92.61229314420802,
                    146.09929078014184,
                    126.89125295508273,
                    146.5721040189125,
                    129.96453900709218,
                    153.1914893617021,
                    127.60047281323875,
                    170.92198581560282,
                    119.32624113475174,
                    182.03309692671394,
                    95.68557919621747,
                    182.74231678486996,
                    85.75650118203308,
                    168.32151300236404,
                    83.39243498817964,
                    149.64539007092196
                ]
            ],
            "iscrowd": 0,
            "area": 1433.585388617852,
            "image_id": 2,
            "bbox": [
                83.0,
                146.0,
                46.0,
                36.0
            ],
            "category_id": 3,
            "id": 10
        },
        {
            "segmentation": [
                [
                    163.7706855791962,
                    126.24113475177303,
                    189.3026004728132,
                    127.42316784869975,
                    188.12056737588648,
                    189.1252955082742,
                    166.13475177304963,
                    186.99763593380612
                ]
            ],
            "iscrowd": 0,
            "area": 1453.7609889956293,
            "image_id": 2,
            "bbox": [
                163.0,
                126.0,
                26.0,
                63.0
            ],
            "category_id": 1,
            "id": 11
        },
        {
            "segmentation": [
                [
                    119.79905437352244,
                    65.2482269503546,
                    117.434988179669,
                    113.23877068557918,
                    113.88888888888886,
                    113.71158392434987,
                    109.39716312056737,
                    103.07328605200945,
                    109.39716312056737,
                    110.40189125295507,
                    104.43262411347516,
                    109.4562647754137,
                    104.19621749408981,
                    95.74468085106382,
                    91.43026004728131,
                    108.03782505910165,
                    101.12293144208036,
                    60.99290780141843
                ]
            ],
            "iscrowd": 0,
            "area": 972.9557533993939,
            "image_id": 2,
            "bbox": [
                91.0,
                60.0,
                28.0,
                53.0
            ],
            "category_id": 2,
            "id": 12
        },
        {
            "segmentation": [
                [
                    116.25295508274229,
                    147.0449172576832,
                    147.93144208037822,
                    148.46335697399525,
                    155.02364066193851,
                    152.7186761229314,
                    153.3687943262411,
                    172.3404255319149,
                    146.27659574468083,
                    179.6690307328605,
                    143.9125295508274,
                    186.52482269503545,
                    118.85342789598107,
                    184.86997635933804,
                    111.76122931442077,
                    177.54137115839242,
                    107.26950354609926,
                    152.24586288416074
                ]
            ],
            "iscrowd": 0,
            "area": 1536.3076974665892,
            "image_id": 3,
            "bbox": [
                107.0,
                147.0,
                48.0,
                39.0
            ],
            "category_id": 3,
            "id": 13
        },
        {
            "segmentation": [
                [
                    165.18912529550826,
                    126.47754137115838,
                    190.2482269503546,
                    127.18676122931441,
                    185.75650118203305,
                    189.5981087470449,
                    165.89834515366428,
                    185.57919621749406
                ]
            ],
            "iscrowd": 0,
            "area": 1368.978756937111,
            "image_id": 3,
            "bbox": [
                165.0,
                126.0,
                25.0,
                63.0
            ],
            "category_id": 1,
            "id": 14
        },
        {
            "segmentation": [
                [
                    72.28132387706853,
                    171.15839243498817,
                    69.20803782505908,
                    177.77777777777777,
                    56.20567375886523,
                    184.86997635933804,
                    49.82269503546098,
                    180.61465721040187,
                    15.78014184397162,
                    181.08747044917257,
                    15.070921985815588,
                    177.30496453900707,
                    55.73286052009456,
                    177.30496453900707
                ]
            ],
            "iscrowd": 0,
            "area": 251.16107506329718,
            "image_id": 3,
            "bbox": [
                15.0,
                171.0,
                57.0,
                13.0
            ],
            "category_id": 0,
            "id": 15
        },
        {
            "segmentation": [
                [
                    121.2174940898345,
                    69.26713947990542,
                    116.96217494089834,
                    92.19858156028369,
                    117.434988179669,
                    114.18439716312055,
                    111.99763593380612,
                    111.34751773049645,
                    106.79669030732859,
                    111.1111111111111,
                    107.03309692671394,
                    95.98108747044917,
                    103.72340425531914,
                    96.92671394799054,
                    92.84869976359337,
                    108.98345153664302,
                    100.65011820330969,
                    63.35697399527186
                ]
            ],
            "iscrowd": 0,
            "area": 864.644635581717,
            "image_id": 3,
            "bbox": [
                92.0,
                63.0,
                29.0,
                51.0
            ],
            "category_id": 2,
            "id": 16
        },
        {
            "segmentation": [
                [
                    113.41607565011819,
                    147.28132387706853,
                    145.09456264775412,
                    147.51773049645388,
                    154.78723404255317,
                    152.24586288416074,
                    152.42316784869973,
                    174.94089834515364,
                    146.7494089834515,
                    180.37825059101652,
                    145.33096926713947,
                    184.16075650118202,
                    119.08983451536642,
                    186.2884160756501,
                    116.72576832151299,
                    180.14184397163118,
                    109.86997635933804,
                    172.10401891252954,
                    108.92434988179667,
                    150.59101654846333
                ]
            ],
            "iscrowd": 0,
            "area": 1515.824712595495,
            "image_id": 4,
            "bbox": [
                108.0,
                147.0,
                46.0,
                39.0
            ],
            "category_id": 3,
            "id": 17
        },
        {
            "segmentation": [
                [
                    162.58865248226948,
                    126.24113475177303,
                    191.19385342789593,
                    129.07801418439715,
                    186.93853427895976,
                    188.17966903073284,
                    167.78959810874701,
                    188.17966903073284
                ]
            ],
            "iscrowd": 0,
            "area": 1444.3717899278417,
            "image_id": 4,
            "bbox": [
                162.0,
                126.0,
                29.0,
                62.0
            ],
            "category_id": 1,
            "id": 18
        },
        {
            "segmentation": [
                [
                    72.04491725768321,
                    170.44917257683213,
                    69.68085106382978,
                    178.4869976359338,
                    57.624113475177296,
                    183.92434988179667,
                    50.295508274231665,
                    179.90543735224585,
                    13.179669030732853,
                    181.08747044917257,
                    12.943262411347504,
                    177.54137115839242,
                    55.023640661938515,
                    177.30496453900707
                ]
            ],
            "iscrowd": 0,
            "area": 246.41058743971007,
            "image_id": 4,
            "bbox": [
                12.0,
                170.0,
                60.0,
                13.0
            ],
            "category_id": 0,
            "id": 19
        },
        {
            "segmentation": [
                [
                    121.45390070921985,
                    68.08510638297872,
                    116.72576832151299,
                    92.9078014184397,
                    117.67139479905435,
                    113.47517730496453,
                    111.76122931442077,
                    114.18439716312055,
                    110.57919621749406,
                    111.1111111111111,
                    107.50591016548461,
                    109.92907801418438,
                    106.32387706855789,
                    95.98108747044917,
                    92.37588652482268,
                    109.69267139479905,
                    100.65011820330969,
                    63.82978723404255
                ]
            ],
            "iscrowd": 0,
            "area": 894.6006516551206,
            "image_id": 4,
            "bbox": [
                92.0,
                63.0,
                29.0,
                51.0
            ],
            "category_id": 2,
            "id": 20
        },
        {
            "segmentation": [
                [
                    78.42789598108746,
                    147.75413711583923,
                    107.74231678486996,
                    147.0449172576832,
                    116.48936170212764,
                    150.11820330969266,
                    115.07092198581557,
                    168.5579196217494,
                    112.23404255319147,
                    174.46808510638297,
                    106.08747044917257,
                    184.6335697399527,
                    79.84633569739952,
                    186.2884160756501,
                    76.77304964539005,
                    178.9598108747045,
                    71.80851063829786,
                    171.8676122931442,
                    68.73522458628841,
                    154.37352245862883
                ]
            ],
            "iscrowd": 0,
            "area": 1531.5292657981627,
            "image_id": 5,
            "bbox": [
                68.0,
                147.0,
                48.0,
                39.0
            ],
            "category_id": 3,
            "id": 21
        },
        {
            "segmentation": [
                [
                    34.4562647754137,
                    126.71394799054372,
                    61.170212765957444,
                    126.0047281323877,
                    58.80614657210401,
                    186.52482269503545,
                    38.71158392434987,
                    189.1252955082742
                ]
            ],
            "iscrowd": 0,
            "area": 1440.124295111471,
            "image_id": 5,
            "bbox": [
                34.0,
                126.0,
                27.0,
                63.0
            ],
            "category_id": 1,
            "id": 22
        },
        {
            "segmentation": [
                [
                    152.42316784869973,
                    170.44917257683213,
                    152.89598108747043,
                    176.59574468085106,
                    170.3900709219858,
                    183.21513002364065,
                    177.7186761229314,
                    180.14184397163118,
                    207.74231678486996,
                    180.85106382978722,
                    207.50591016548458,
                    176.83215130023638,
                    168.97163120567373,
                    177.06855791962172
                ]
            ],
            "iscrowd": 0,
            "area": 243.56029486557236,
            "image_id": 5,
            "bbox": [
                152.0,
                170.0,
                55.0,
                13.0
            ],
            "category_id": 0,
            "id": 23
        },
        {
            "segmentation": [
                [
                    122.87234042553189,
                    63.59338061465721,
                    133.03782505910164,
                    107.8014184397163,
                    129.4917257683215,
                    108.27423167848698,
                    119.08983451536642,
                    96.69030732860519,
                    116.72576832151299,
                    112.05673758865247,
                    111.99763593380612,
                    110.87470449172575,
                    107.9787234042553,
                    114.18439716312055,
                    102.06855791962172,
                    66.903073286052
                ]
            ],
            "iscrowd": 0,
            "area": 981.7022394357555,
            "image_id": 5,
            "bbox": [
                102.0,
                63.0,
                31.0,
                51.0
            ],
            "category_id": 2,
            "id": 24
        },
        {
            "segmentation": [
                [
                    163.06146572104018,
                    125.29550827423166,
                    191.66666666666663,
                    127.6595744680851,
                    186.22931442080375,
                    188.88888888888886,
                    166.6075650118203,
                    187.23404255319147
                ]
            ],
            "iscrowd": 0,
            "area": 1486.9026261813415,
            "image_id": 6,
            "bbox": [
                163.0,
                125.0,
                28.0,
                63.0
            ],
            "category_id": 1,
            "id": 25
        },
        {
            "segmentation": [
                [
                    112.23404255319147,
                    147.99054373522458,
                    132.8014184397163,
                    146.33569739952716,
                    153.3687943262411,
                    150.59101654846333,
                    152.89598108747043,
                    172.5768321513002,
                    144.85815602836877,
                    178.9598108747045,
                    144.62174940898342,
                    185.1063829787234,
                    118.85342789598107,
                    184.86997635933804,
                    116.48936170212764,
                    179.1962174940898,
                    109.63356973995269,
                    167.37588652482268,
                    107.50591016548461,
                    152.4822695035461
                ]
            ],
            "iscrowd": 0,
            "area": 1467.0902983865235,
            "image_id": 6,
            "bbox": [
                107.0,
                146.0,
                46.0,
                39.0
            ],
            "category_id": 3,
            "id": 26
        },
        {
            "segmentation": [
                [
                    72.04491725768321,
                    170.68557919621747,
                    71.57210401891251,
                    175.6501182033097,
                    58.333333333333314,
                    184.6335697399527,
                    48.16784869976358,
                    181.3238770685579,
                    13.888888888888886,
                    180.61465721040187,
                    14.36170212765957,
                    177.06855791962172,
                    54.787234042553166,
                    177.77777777777777
                ]
            ],
            "iscrowd": 0,
            "area": 266.4185235484438,
            "image_id": 6,
            "bbox": [
                13.0,
                170.0,
                59.0,
                14.0
            ],
            "category_id": 0,
            "id": 27
        },
        {
            "segmentation": [
                [
                    119.32624113475174,
                    64.53900709219857,
                    117.9078014184397,
                    114.4208037825059,
                    113.41607565011819,
                    113.94799054373522,
                    108.68794326241132,
                    100.23640661938533,
                    109.16075650118202,
                    111.82033096926713,
                    104.43262411347516,
                    110.87470449172575,
                    104.19621749408981,
                    95.74468085106382,
                    91.66666666666666,
                    109.69267139479905,
                    98.52245862884158,
                    61.229314420803775
                ]
            ],
            "iscrowd": 0,
            "area": 1039.7979086676933,
            "image_id": 6,
            "bbox": [
                91.0,
                61.0,
                28.0,
                53.0
            ],
            "category_id": 2,
            "id": 28
        },
        {
            "segmentation": [
                [
                    111.52482269503545,
                    147.28132387706853,
                    133.27423167848698,
                    146.80851063829786,
                    153.8416075650118,
                    151.30023640661938,
                    153.13238770685578,
                    169.0307328605201,
                    146.27659574468083,
                    180.85106382978722,
                    145.56737588652481,
                    186.76122931442077,
                    116.96217494089834,
                    185.8156028368794,
                    115.07092198581557,
                    180.61465721040187,
                    110.34278959810874,
                    173.75886524822693,
                    107.9787234042553,
                    155.7919621749409
                ]
            ],
            "iscrowd": 0,
            "area": 1544.7747430545132,
            "image_id": 7,
            "bbox": [
                107.0,
                146.0,
                46.0,
                40.0
            ],
            "category_id": 3,
            "id": 29
        },
        {
            "segmentation": [
                [
                    163.06146572104018,
                    126.24113475177303,
                    191.19385342789593,
                    127.6595744680851,
                    185.75650118203305,
                    191.2529550827423,
                    165.89834515366428,
                    186.52482269503545
                ]
            ],
            "iscrowd": 0,
            "area": 1490.2279675178434,
            "image_id": 7,
            "bbox": [
                163.0,
                126.0,
                28.0,
                65.0
            ],
            "category_id": 1,
            "id": 30
        },
        {
            "segmentation": [
                [
                    72.99054373522458,
                    169.50354609929076,
                    68.97163120567373,
                    177.30496453900707,
                    57.38770685579195,
                    183.68794326241132,
                    48.640661938534265,
                    179.90543735224585,
                    14.12529550827422,
                    181.3238770685579,
                    15.78014184397162,
                    178.0141843971631,
                    55.96926713947988,
                    176.12293144208036
                ]
            ],
            "iscrowd": 0,
            "area": 256.8616602115944,
            "image_id": 7,
            "bbox": [
                14.0,
                169.0,
                58.0,
                14.0
            ],
            "category_id": 0,
            "id": 31
        },
        {
            "segmentation": [
                [
                    119.56264775413709,
                    65.2482269503546,
                    117.434988179669,
                    114.18439716312055,
                    112.94326241134749,
                    113.47517730496453,
                    109.39716312056737,
                    101.1820330969267,
                    109.63356973995269,
                    110.87470449172575,
                    103.95981087470449,
                    110.40189125295507,
                    104.43262411347516,
                    96.92671394799054,
                    102.06855791962172,
                    95.98108747044917,
                    91.19385342789596,
                    109.69267139479905,
                    98.28605200945626,
                    61.93853427895981
                ]
            ],
            "iscrowd": 0,
            "area": 1021.10334266664,
            "image_id": 7,
            "bbox": [
                91.0,
                61.0,
                28.0,
                53.0
            ],
            "category_id": 2,
            "id": 32
        },
        {
            "segmentation": [
                [
                    119.79905437352244,
                    64.53900709219857,
                    118.14420803782505,
                    114.18439716312055,
                    113.17966903073284,
                    113.00236406619385,
                    109.16075650118202,
                    100.23640661938533,
                    109.16075650118202,
                    110.63829787234042,
                    104.19621749408981,
                    110.63829787234042,
                    104.43262411347516,
                    95.03546099290779,
                    90.72104018912529,
                    109.21985815602835,
                    98.99527186761227,
                    59.81087470449172
                ]
            ],
            "iscrowd": 0,
            "area": 1072.827769673997,
            "image_id": 8,
            "bbox": [
                90.0,
                59.0,
                29.0,
                55.0
            ],
            "category_id": 2,
            "id": 33
        },
        {
            "segmentation": [
                [
                    163.7706855791962,
                    126.0047281323877,
                    190.01182033096921,
                    127.6595744680851,
                    185.04728132387703,
                    190.30732860520092,
                    166.84397163120565,
                    186.52482269503545
                ]
            ],
            "iscrowd": 0,
            "area": 1371.10250434529,
            "image_id": 8,
            "bbox": [
                163.0,
                126.0,
                27.0,
                64.0
            ],
            "category_id": 1,
            "id": 34
        },
        {
            "segmentation": [
                [
                    109.63356973995269,
                    148.6997635933806,
                    129.25531914893614,
                    145.62647754137114,
                    154.3144208037825,
                    150.11820330969266,
                    152.65957446808508,
                    170.92198581560282,
                    145.33096926713947,
                    178.72340425531914,
                    144.3853427895981,
                    185.8156028368794,
                    119.32624113475174,
                    185.1063829787234,
                    114.5981087470449,
                    180.61465721040187,
                    109.39716312056737,
                    172.10401891252954
                ]
            ],
            "iscrowd": 0,
            "area": 1517.4454671964777,
            "image_id": 8,
            "bbox": [
                109.0,
                145.0,
                45.0,
                40.0
            ],
            "category_id": 3,
            "id": 35
        },
        {
            "segmentation": [
                [
                    72.28132387706853,
                    170.68557919621747,
                    69.91725768321513,
                    177.54137115839242,
                    58.096926713947965,
                    183.68794326241132,
                    47.222222222222214,
                    180.37825059101652,
                    14.12529550827422,
                    181.7966903073286,
                    13.888888888888886,
                    177.06855791962172,
                    55.96926713947988,
                    176.59574468085106
                ]
            ],
            "iscrowd": 0,
            "area": 288.354598751459,
            "image_id": 8,
            "bbox": [
                13.0,
                170.0,
                59.0,
                13.0
            ],
            "category_id": 0,
            "id": 36
        },
        {
            "segmentation": [
                [
                    153.3687943262411,
                    169.2671394799054,
                    152.65957446808508,
                    175.41371158392434,
                    167.55319148936167,
                    184.6335697399527,
                    175.11820330969266,
                    181.08747044917257,
                    209.160756501182,
                    180.61465721040187,
                    207.97872340425528,
                    177.54137115839242,
                    168.02600472813236,
                    176.59574468085106
                ]
            ],
            "iscrowd": 0,
            "area": 278.21091047287337,
            "image_id": 9,
            "bbox": [
                152.0,
                169.0,
                57.0,
                15.0
            ],
            "category_id": 0,
            "id": 37
        },
        {
            "segmentation": [
                [
                    72.75413711583923,
                    150.11820330969266,
                    93.32151300236404,
                    147.0449172576832,
                    112.70685579196217,
                    147.99054373522458,
                    116.25295508274229,
                    154.37352245862883,
                    112.23404255319147,
                    170.2127659574468,
                    110.57919621749406,
                    178.0141843971631,
                    107.74231678486996,
                    183.45153664302597,
                    82.68321513002363,
                    186.99763593380612,
                    77.0094562647754,
                    180.85106382978722,
                    72.75413711583923,
                    173.52245862884158,
                    68.97163120567373,
                    154.84633569739952
                ]
            ],
            "iscrowd": 0,
            "area": 1484.7229906834546,
            "image_id": 9,
            "bbox": [
                68.0,
                147.0,
                48.0,
                39.0
            ],
            "category_id": 3,
            "id": 38
        },
        {
            "segmentation": [
                [
                    33.51063829787233,
                    126.95035460992906,
                    60.4609929078014,
                    125.29550827423166,
                    58.56973995271866,
                    185.8156028368794,
                    38.947990543735216,
                    190.54373522458627
                ]
            ],
            "iscrowd": 0,
            "area": 1450.7150881075722,
            "image_id": 9,
            "bbox": [
                33.0,
                125.0,
                27.0,
                65.0
            ],
            "category_id": 1,
            "id": 39
        },
        {
            "segmentation": [
                [
                    123.58156028368793,
                    60.28368794326241,
                    133.983451536643,
                    107.8014184397163,
                    121.2174940898345,
                    95.50827423167847,
                    120.27186761229314,
                    111.1111111111111,
                    114.83451536643025,
                    110.63829787234042,
                    114.5981087470449,
                    101.65484633569739,
                    110.10638297872339,
                    114.65721040189125,
                    107.03309692671394,
                    114.18439716312055,
                    102.77777777777777,
                    64.77541371158392
                ]
            ],
            "iscrowd": 0,
            "area": 1066.5403595839744,
            "image_id": 9,
            "bbox": [
                102.0,
                60.0,
                31.0,
                54.0
            ],
            "category_id": 2,
            "id": 40
        },
        {
            "segmentation": [
                [
                    120.50827423167846,
                    64.53900709219857,
                    117.434988179669,
                    88.65248226950354,
                    116.72576832151299,
                    114.18439716312055,
                    112.94326241134749,
                    114.4208037825059,
                    109.86997635933804,
                    99.99999999999999,
                    109.86997635933804,
                    111.34751773049645,
                    104.6690307328605,
                    111.1111111111111,
                    103.72340425531914,
                    94.79905437352245,
                    90.48463356973994,
                    109.4562647754137,
                    101.3593380614657,
                    61.465721040189116
                ]
            ],
            "iscrowd": 0,
            "area": 961.2751426543546,
            "image_id": 10,
            "bbox": [
                90.0,
                61.0,
                30.0,
                53.0
            ],
            "category_id": 2,
            "id": 41
        },
        {
            "segmentation": [
                [
                    163.7706855791962,
                    126.24113475177303,
                    190.4846335697399,
                    126.47754137115838,
                    185.04728132387703,
                    189.5981087470449,
                    166.6075650118203,
                    187.47044917257682
                ]
            ],
            "iscrowd": 0,
            "area": 1405.250127145402,
            "image_id": 10,
            "bbox": [
                163.0,
                126.0,
                27.0,
                63.0
            ],
            "category_id": 1,
            "id": 42
        },
        {
            "segmentation": [
                [
                    86.22931442080377,
                    147.0449172576832,
                    106.32387706855789,
                    144.20803782505908,
                    129.01891252955082,
                    148.93617021276594,
                    128.07328605200942,
                    166.66666666666666,
                    120.7446808510638,
                    178.25059101654844,
                    119.56264775413709,
                    181.7966903073286,
                    94.97635933806146,
                    182.03309692671394,
                    88.82978723404253,
                    174.94089834515364,
                    83.86524822695034,
                    162.88416075650116
                ]
            ],
            "iscrowd": 0,
            "area": 1415.0584868858714,
            "image_id": 10,
            "bbox": [
                83.0,
                144.0,
                46.0,
                38.0
            ],
            "category_id": 3,
            "id": 43
        },
        {
            "segmentation": [
                [
                    77.24586288416074,
                    160.75650118203308,
                    75.11820330969266,
                    167.84869976359337,
                    66.84397163120565,
                    176.12293144208036,
                    56.44208037825058,
                    173.99527186761227,
                    19.799054373522452,
                    182.5059101654846,
                    18.853427895981085,
                    178.9598108747045,
                    61.87943262411346,
                    169.97635933806146
                ]
            ],
            "iscrowd": 0,
            "area": 248.36667057882732,
            "image_id": 10,
            "bbox": [
                18.0,
                160.0,
                59.0,
                22.0
            ],
            "category_id": 0,
            "id": 44
        }
    ]
}